TEAM_ID,TEAM_NAME,GP,W,L,W_PCT,MIN,FGM,FGA,FG_PCT,FG3M,FG3A,FG3_PCT,FTM,FTA,FT_PCT,OREB,DREB,REB,AST,TOV,STL,BLK,BLKA,PF,PFD,PTS,PLUS_MINUS,GP_RANK,W_RANK,L_RANK,W_PCT_RANK,MIN_RANK,FGM_RANK,FGA_RANK,FG_PCT_RANK,FG3M_RANK,FG3A_RANK,FG3_PCT_RANK,FTM_RANK,FTA_RANK,FT_PCT_RANK,OREB_RANK,DREB_RANK,REB_RANK,AST_RANK,TOV_RANK,STL_RANK,BLK_RANK,BLKA_RANK,PF_RANK,PFD_RANK,PTS_RANK,PLUS_MINUS_RANK,E_OFF_RATING,OFF_RATING,E_DEF_RATING,DEF_RATING,E_NET_RATING,NET_RATING,AST_PCT,AST_TO,AST_RATIO,OREB_PCT,DREB_PCT,REB_PCT,TM_TOV_PCT,EFG_PCT,TS_PCT,E_PACE,PACE,PACE_PER40,POSS,PIE,OFF_RATING_RANK,DEF_RATING_RANK,NET_RATING_RANK,AST_PCT_RANK,AST_TO_RANK,AST_RATIO_RANK,OREB_PCT_RANK,DREB_PCT_RANK,REB_PCT_RANK,TM_TOV_PCT_RANK,EFG_PCT_RANK,TS_PCT_RANK,PACE_RANK,PIE_RANK
1610612737,Atlanta Hawks,82,43,39,0.524,3976.0,3123,6918,0.451,729,2137,0.341,1484,2039,0.728,842,2793,3635,1938,1294.0,672,397,424,1491,1768,8459,-70.0,1,11,11,11,4,23,22,18,20,16,23,13,5,28,14,10,9,10,28,7,14,22,6,3,22,19,102.3,104.5,103.1,105.2,-0.8,-0.7,0.621,1.5,17.4,0.282,0.717,0.502,0.16,0.504,0.541,99.8,97.76,81.46,8091,0.506,27,4,19,6,23,11,13,19,12,28,19,20,11,10
1610612738,Boston Celtics,82,53,29,0.646,3951.0,3168,6977,0.454,985,2741,0.359,1536,1903,0.807,743,2698,3441,2069,1088.0,617,340,425,1686,1664,8857,216.0,1,4,4,4,25,21,18,16,3,3,14,10,15,3,22,22,27,4,8,18,23,23,21,11,7,8,108.6,110.6,105.5,108.0,3.1,2.6,0.653,1.9,18.8,0.259,0.705,0.485,0.136,0.525,0.567,99.3,97.21,81.01,8005,0.514,7,14,8,2,3,2,23,29,27,7,9,6,13,7
1610612739,Cleveland Cavaliers,82,51,31,0.622,3976.0,3275,6963,0.47,1067,2779,0.384,1431,1913,0.748,766,2821,3587,1858,1121.0,539,327,349,1486,1690,9048,261.0,1,5,5,5,4,5,19,5,2,2,2,19,13,23,21,7,12,13,14,30,25,8,4,6,4,7,110.9,112.8,108.0,109.7,2.9,3.1,0.567,1.66,17.1,0.264,0.722,0.499,0.14,0.547,0.58,98.4,96.74,80.61,8019,0.51,3,21,7,20,16,15,21,14,18,11,2,3,16,9
1610612740,New Orleans Pelicans,82,34,48,0.415,3981.0,3210,7130,0.45,768,2196,0.35,1368,1825,0.75,703,2879,3582,1869,1054.0,638,453,348,1490,1581,8556,-172.0,1,21,21,21,2,17,12,20,14,13,19,25,21,22,29,1,13,12,5,16,5,7,5,23,18,22,103.3,104.7,104.9,106.8,-1.6,-2.1,0.582,1.77,17.1,0.228,0.728,0.48,0.129,0.504,0.539,100.1,98.56,82.13,8173,0.493,26,9,22,14,6,16,29,11,29,4,20,23,8,21
1610612741,Chicago Bulls,82,41,41,0.5,3956.0,3169,7141,0.444,623,1831,0.34,1474,1848,0.798,999,2797,3796,1851,1112.0,643,393,378,1455,1541,8435,35.0,1,15,15,15,18,20,8,25,28,29,24,15,19,6,2,9,3,14,12,15,16,12,2,25,23,14,104.6,106.5,104.5,106.2,0.1,0.3,0.584,1.66,16.8,0.311,0.733,0.519,0.14,0.487,0.53,97.7,96.02,80.02,7919,0.504,21,5,14,13,15,17,3,8,4,13,30,28,19,13
1610612742,Dallas Mavericks,82,33,49,0.402,3956.0,2968,6750,0.44,878,2473,0.355,1215,1516,0.801,647,2516,3163,1705,972.0,614,307,280,1567,1591,8029,-240.0,1,22,22,22,18,30,27,29,5,6,16,29,30,4,30,30,30,27,2,19,30,2,9,21,30,23,103.7,104.7,106.3,107.7,-2.6,-3.0,0.574,1.75,16.8,0.216,0.733,0.465,0.127,0.505,0.541,94.2,93.11,77.59,7668,0.479,25,13,23,17,7,18,30,7,30,3,18,19,28,24
1610612743,Denver Nuggets,82,40,42,0.488,3951.0,3377,7194,0.469,870,2365,0.368,1537,1986,0.774,966,2837,3803,2077,1226.0,568,323,404,1567,1653,9161,42.0,1,18,18,18,25,3,4,6,7,8,11,9,8,17,5,6,2,2,23,28,27,15,9,13,3,12,110.0,112.2,110.5,111.7,-0.5,0.4,0.615,1.69,18.2,0.314,0.753,0.532,0.15,0.53,0.568,100.7,99.18,82.65,8167,0.503,4,29,13,7,10,4,2,2,1,23,5,5,6,15
1610612744,Golden State Warriors,82,67,15,0.817,3956.0,3532,7140,0.495,982,2562,0.383,1457,1850,0.788,770,2873,3643,2491,1211.0,785,555,313,1585,1588,9503,954.0,1,1,1,1,18,1,9,1,4,5,3,17,18,11,20,3,7,1,22,1,1,4,12,22,1,1,113.2,114.8,101.1,103.4,12.1,11.4,0.705,2.06,21.2,0.272,0.709,0.504,0.146,0.563,0.597,102.2,100.37,83.65,8279,0.579,1,2,1,1,1,1,17,27,10,20,1,1,4,1
1610612745,Houston Rockets,82,55,27,0.671,3956.0,3305,7152,0.462,1181,3306,0.357,1667,2177,0.766,892,2746,3638,2070,1240.0,670,352,409,1634,1674,9458,473.0,1,3,3,3,18,4,7,12,1,1,15,2,1,20,9,15,8,3,25,8,20,17,15,8,2,3,111.8,114.1,106.4,108.4,5.4,5.7,0.626,1.67,18.1,0.281,0.717,0.499,0.15,0.545,0.583,102.5,100.55,83.79,8289,0.516,2,18,3,4,13,5,15,21,17,22,3,2,3,6
1610612746,LA Clippers,82,51,31,0.622,3951.0,3242,6820,0.475,841,2245,0.375,1586,2128,0.745,738,2790,3528,1848,1062.0,612,347,258,1626,1835,8911,352.0,1,5,5,5,25,10,26,2,9,11,7,6,3,27,24,11,21,15,7,20,21,1,14,1,6,4,110.3,111.8,105.8,107.5,4.5,4.4,0.57,1.74,17.2,0.256,0.733,0.501,0.133,0.537,0.574,98.2,96.77,80.64,7968,0.527,5,12,4,19,8,13,25,6,13,6,4,4,15,4
1610612747,Los Angeles Lakers,82,26,56,0.317,3941.0,3224,7164,0.45,730,2110,0.346,1397,1853,0.754,933,2636,3569,1716,1243.0,674,320,440,1698,1520,8575,-564.0,1,28,28,28,30,13,6,21,19,19,22,23,17,21,7,26,17,26,26,5,28,26,22,28,17,30,103.4,105.3,110.6,112.0,-7.2,-6.7,0.532,1.38,15.6,0.284,0.717,0.494,0.153,0.501,0.537,100.8,99.26,82.72,8143,0.446,24,30,30,26,28,27,11,18,21,27,22,25,5,30
1610612748,Miami Heat,82,41,41,0.5,3956.0,3202,7037,0.455,808,2213,0.365,1248,1768,0.706,872,2705,3577,1742,1102.0,588,469,398,1680,1530,8460,87.0,1,15,15,15,18,18,14,15,12,12,12,28,26,30,11,20,15,22,11,22,3,14,20,27,21,10,105.2,107.4,104.1,106.4,1.0,1.0,0.544,1.58,16.3,0.284,0.718,0.499,0.14,0.512,0.541,97.6,95.51,79.6,7875,0.5,17,6,10,24,19,21,12,16,16,12,15,18,22,18
1610612749,Milwaukee Bucks,82,42,40,0.512,3956.0,3182,6715,0.474,720,1946,0.37,1413,1839,0.768,723,2589,3312,1984,1145.0,666,436,375,1660,1579,8497,-15.0,1,13,13,13,18,19,29,4,22,24,10,21,20,19,25,28,29,5,18,10,6,9,17,24,20,16,106.9,108.5,106.4,108.7,0.5,-0.2,0.624,1.73,18.5,0.26,0.706,0.487,0.146,0.527,0.565,96.7,94.99,79.16,7828,0.504,13,19,16,5,9,3,22,28,26,19,7,7,26,14
1610612750,Minnesota Timberwolves,82,31,51,0.378,3961.0,3235,6922,0.467,601,1723,0.349,1586,1986,0.799,938,2540,3478,1940,1150.0,654,370,413,1646,1681,8657,-91.0,1,24,24,24,13,12,21,8,30,30,20,6,8,5,6,29,25,9,19,12,19,19,16,7,13,20,108.1,110.0,109.1,110.9,-1.0,-0.9,0.6,1.69,17.7,0.309,0.71,0.507,0.146,0.511,0.555,97.1,95.48,79.57,7870,0.501,10,27,20,10,11,7,4,25,8,18,16,15,23,16
1610612751,Brooklyn Nets,82,20,62,0.244,3951.0,3102,6987,0.444,877,2591,0.338,1592,2020,0.788,721,2879,3600,1756,1356.0,593,387,457,1726,1671,8673,-552.0,1,30,30,30,25,25,17,24,6,4,26,4,7,9,26,1,10,20,29,21,18,30,25,9,12,29,101.9,103.6,108.0,110.1,-6.1,-6.5,0.566,1.29,15.9,0.241,0.716,0.483,0.162,0.507,0.551,103.6,101.75,84.79,8371,0.46,29,23,28,21,29,26,28,22,28,29,17,16,1,28
1610612752,New York Knicks,82,31,51,0.378,3971.0,3244,7256,0.447,704,2022,0.348,1364,1731,0.788,983,2723,3706,1786,1139.0,581,455,377,1668,1516,8556,-301.0,1,24,24,24,7,8,3,23,24,21,21,26,28,10,3,17,5,19,17,23,4,10,19,29,18,24,104.7,107.1,108.7,110.7,-4.1,-3.6,0.551,1.57,16.3,0.305,0.698,0.5,0.143,0.496,0.534,98.6,96.63,80.53,7990,0.482,18,25,24,22,20,22,5,30,15,16,25,27,17,22
1610612753,Orlando Magic,82,29,53,0.354,3961.0,3139,7133,0.44,701,2139,0.328,1309,1753,0.747,807,2734,3541,1820,1091.0,580,396,419,1584,1532,8288,-539.0,1,26,26,26,13,22,11,28,25,15,29,27,27,25,17,16,20,18,9,24,15,20,11,26,27,28,101.2,103.7,108.0,110.3,-6.8,-6.5,0.58,1.67,16.8,0.267,0.726,0.491,0.137,0.489,0.524,99.1,96.9,80.75,7989,0.46,28,24,29,15,14,19,20,12,23,8,29,29,14,29
1610612754,Indiana Pacers,82,42,40,0.512,3971.0,3221,6931,0.465,709,1885,0.376,1467,1811,0.81,742,2702,3444,1844,1130.0,669,409,407,1597,1599,8618,-18.0,1,13,13,13,7,15,20,10,23,27,4,16,23,2,23,21,26,16,16,9,9,16,13,20,15,17,106.2,107.9,106.3,108.1,-0.1,-0.2,0.572,1.63,17.2,0.255,0.713,0.488,0.141,0.516,0.558,98.1,96.59,80.49,7989,0.505,16,15,17,18,18,14,26,24,25,15,13,13,18,12
1610612755,Philadelphia 76ers,82,28,54,0.341,3966.0,3088,6992,0.442,831,2443,0.34,1393,1806,0.771,807,2706,3513,1949,1366.0,692,420,446,1793,1610,8400,-467.0,1,27,27,27,10,27,16,27,10,7,25,24,24,18,17,19,23,8,30,3,7,27,28,19,25,27,100.7,102.7,106.4,108.2,-5.7,-5.5,0.631,1.43,17.4,0.273,0.709,0.49,0.167,0.501,0.539,101.0,99.07,82.56,8179,0.47,30,16,27,3,26,10,16,26,24,30,21,22,7,26
1610612756,Phoenix Suns,82,24,58,0.293,3966.0,3270,7260,0.45,615,1854,0.332,1676,2159,0.776,976,2712,3688,1604,1265.0,673,399,435,2030,1822,8831,-462.0,1,29,29,29,10,6,2,19,29,28,27,1,2,15,4,18,6,29,27,6,13,25,30,2,9,26,103.9,106.1,109.3,111.3,-5.4,-5.2,0.491,1.27,14.4,0.299,0.718,0.503,0.152,0.493,0.538,102.9,100.85,84.04,8320,0.462,22,28,26,29,30,30,6,17,11,26,26,24,2,27
1610612757,Portland Trail Blazers,82,41,41,0.5,3986.0,3243,7059,0.459,852,2272,0.375,1513,1940,0.78,830,2750,3580,1733,1126.0,574,408,431,1736,1624,8851,-43.0,1,15,15,15,1,9,13,14,8,10,6,11,11,14,15,14,14,23,15,25,10,24,26,16,8,18,107.8,109.4,107.8,110.0,0.0,-0.6,0.534,1.54,16.0,0.269,0.72,0.496,0.139,0.52,0.559,99.1,97.38,81.15,8088,0.493,11,22,18,25,21,25,19,15,20,10,11,12,12,20
1610612758,Sacramento Kings,82,32,50,0.39,3976.0,3105,6734,0.461,737,1960,0.376,1483,1913,0.775,715,2652,3367,1844,1201.0,627,324,420,1667,1646,8430,-318.0,1,23,23,23,4,24,28,13,18,23,5,14,13,16,28,25,28,16,21,17,26,21,18,14,24,25,104.6,106.6,109.1,110.8,-4.5,-4.2,0.594,1.54,17.3,0.258,0.723,0.492,0.152,0.516,0.556,97.1,95.42,79.52,7911,0.478,20,26,25,11,22,12,24,13,22,24,14,14,24,25
1610612759,San Antonio Spurs,82,61,21,0.744,3961.0,3222,6864,0.469,753,1927,0.391,1440,1806,0.797,821,2777,3598,1954,1101.0,655,484,333,1498,1623,8637,590.0,1,2,2,2,13,14,24,7,17,25,1,18,24,7,16,12,11,7,10,11,2,5,7,17,14,2,108.8,110.3,100.9,102.9,7.9,7.4,0.606,1.77,18.1,0.282,0.73,0.511,0.141,0.524,0.564,96.4,94.86,79.05,7832,0.551,9,1,2,9,5,6,14,10,6,14,10,9,27,2
1610612760,Oklahoma City Thunder,82,47,35,0.573,3961.0,3237,7169,0.452,692,2116,0.327,1575,2113,0.745,1002,2821,3823,1721,1230.0,648,408,450,1715,1697,8741,62.0,1,10,10,10,13,11,5,17,26,18,30,8,4,26,1,7,1,25,24,14,10,28,24,5,11,11,105.0,107.9,105.1,107.1,-0.2,0.8,0.532,1.4,15.5,0.323,0.742,0.528,0.152,0.5,0.54,100.5,98.18,81.82,8099,0.499,15,10,11,27,27,28,1,5,2,25,24,21,9,19
1610612761,Toronto Raptors,82,51,31,0.622,3956.0,3211,6918,0.464,725,1996,0.363,1615,2028,0.796,871,2676,3547,1517,1041.0,677,400,392,1708,1666,8762,345.0,1,5,5,5,18,16,22,11,21,22,13,3,6,8,12,23,18,30,4,4,12,13,23,10,10,5,109.8,111.4,104.9,107.1,4.9,4.3,0.472,1.46,14.5,0.291,0.717,0.505,0.132,0.517,0.561,97.1,95.41,79.51,7867,0.516,6,11,6,30,25,29,8,20,9,5,12,11,25,5
1610612762,Utah Jazz,82,51,31,0.622,3951.0,3033,6515,0.466,791,2128,0.372,1401,1875,0.747,771,2774,3545,1651,1118.0,550,410,312,1545,1655,8258,323.0,1,5,5,5,25,28,30,9,13,17,9,22,16,24,19,13,19,28,13,29,8,3,8,12,28,6,107.4,109.0,102.7,104.7,4.7,4.3,0.544,1.48,16.2,0.27,0.743,0.514,0.148,0.526,0.563,93.6,92.09,76.75,7579,0.534,12,3,5,23,24,23,18,4,5,21,8,10,30,3
1610612763,Memphis Grizzlies,82,43,39,0.524,3981.0,2984,6854,0.435,767,2169,0.354,1504,1918,0.784,886,2621,3507,1744,1059.0,653,344,410,1840,1708,8239,40.0,1,11,11,11,2,29,25,30,15,14,17,12,12,13,10,27,24,21,6,13,22,18,29,4,29,13,104.7,107.0,104.5,106.5,0.1,0.5,0.584,1.65,16.5,0.295,0.731,0.507,0.137,0.491,0.535,94.7,92.84,77.37,7702,0.501,19,7,12,12,17,20,7,9,7,9,28,26,29,17
1610612764,Washington Wizards,82,49,33,0.598,3971.0,3388,7137,0.475,756,2030,0.372,1421,1812,0.784,843,2671,3514,1956,1162.0,693,336,377,1745,1621,8953,148.0,1,9,9,9,7,2,10,3,16,20,8,20,22,12,13,24,22,6,20,2,24,10,27,18,5,9,108.5,110.4,106.9,108.8,1.6,1.7,0.577,1.68,17.6,0.286,0.716,0.501,0.143,0.528,0.564,99.7,97.94,81.62,8109,0.511,8,20,9,16,12,8,10,23,14,17,6,8,10,8
1610612765,Detroit Pistons,82,37,45,0.451,3961.0,3269,7282,0.449,631,1915,0.33,1140,1586,0.719,908,2838,3746,1732,973.0,574,310,339,1467,1434,8309,-92.0,1,19,19,19,13,7,1,22,27,26,28,30,29,29,8,5,4,24,3,25,29,6,3,30,26,21,103.3,105.3,105.3,106.7,-2.0,-1.4,0.53,1.78,16.1,0.286,0.775,0.519,0.123,0.492,0.521,97.1,95.52,79.6,7890,0.482,23,8,21,28,4,24,9,1,3,2,27,30,21,23
1610612766,Charlotte Hornets,82,36,46,0.439,3966.0,3093,7000,0.442,824,2347,0.351,1591,1953,0.815,721,2853,3574,1891,942.0,571,390,450,1360,1631,8601,16.0,1,20,20,20,10,26,15,26,11,9,18,5,10,1,26,4,16,11,1,27,17,28,1,15,16,15,106.4,108.4,106.1,108.4,0.3,0.0,0.611,2.01,17.6,0.247,0.749,0.496,0.119,0.501,0.547,97.8,95.92,79.93,7934,0.505,14,17,15,8,2,9,27,3,19,1,23,17,20,11
